日時,メニュー名,カロリー,詳細アドバイス
2026-09-02 12:34,ソーセージと目玉焼きのおかずセット,300 kcal,"### 📊 栄養・カロリー計算結果
- **メニュー名**: ソーセージと目玉焼きのおかずセット
- **総カロリー**: 300 kcal
- **タンパク質**: 23g
- **脂質**: 20g
- **炭水化物**: 10g

---

### 📝 あなたの健康状態に合わせたフィードバック
現在、身長175cm・体重50kgで**BMIは16.3**となっており、かなりの低体重（痩せ型）傾向にあります。バルクアップ（筋肥大）を目指す上で、**最大の課題は圧倒的なエネルギー（カロリー・炭水化物）不足**です。

今回の食事はお肉や卵、ウインナーなどからタンパク質（約23g）や脂質をしっかり摂取できており、具だくさんのスープも栄養バランスが良いです。しかし、**白米などの主食（炭水化物）がほとんど含まれていません**。

炭水化物が不足した状態でトレ―ニングや日常活動を行うと、せっかく摂ったタンパク質や自身の筋肉がエネルギーとして分解されてしまい、筋肉がつきにくくなってしまいます。バルクアップのためには、おかずだけでなく**毎食どんぶり1杯程度（200〜250g以上）の白米を必ずセットで食べる**ようにしましょう。

---

### ⏰ 次の食事の提案
- **食べるタイミング**: 3時間後（または12:30頃）
- **おすすめのメニュー**: 鶏もも肉の照り焼き丼（白米大盛り 250g〜300g）、豆腐とお麩のお味噌汁

※消化吸収を高めつつエネルギーを増やすため、間食にプロテイン＋バナナや和菓子（大福など）を取り入れるのも非常におすすめです。"
